{"cameraMode":{"drawMode":0,"name":"Shaded","section":"Shading Mode"},"sceneLighting":true,"audioPlay":false,"sceneViewState":{"m_AlwaysRefresh":false,"showFog":true,"showSkybox":false,"showFlares":true,"showImageEffects":true,"showParticleSystems":true,"showVisualEffectGraphs":true,"m_FxEnabled":true},"in2DMode":false,"pivot":{"x":-2.2735772132873537,"y":-0.04015350341796875,"z":4.862453460693359},"rotation":{"x":0.0883827954530716,"y":0.007470487151294947,"z":-0.0006626833346672356,"w":0.99606853723526},"size":59.430545806884769,"orthographic":true}