{"cameraMode":{"drawMode":0,"name":"Shaded","section":"Shading Mode"},"sceneLighting":false,"audioPlay":false,"sceneViewState":{"m_AlwaysRefresh":false,"showFog":true,"showSkybox":false,"showFlares":true,"showImageEffects":true,"showParticleSystems":true,"showVisualEffectGraphs":true,"m_FxEnabled":true},"in2DMode":false,"pivot":{"x":12.335984230041504,"y":1.702113389968872,"z":0.032989274710416797},"rotation":{"x":0.155231773853302,"y":-0.2346479445695877,"z":0.037987492978572848,"w":0.9588555097579956},"size":0.514203667640686,"orthographic":true}